section,avg_buy,avg_real
士林區,72.16612903,57.60833333
大安區,106.2870968,85.3625
中山區,78.68870968,67.15833333
中正區,92.12419355,77.24583333
大同區,67.38225806,56.4875
內湖區,64.38548387,55.35833333
文山區,55.02419355,46.875
北投區,58.12419355,49.625
松山區,88.92741935,71.72916667
信義區,89.13064516,74.08333333
南港區,67.68548387,56.76666667
萬華區,60.48870968,49.45
