section,avg_buy
士林區,72.16612903
大安區,106.2870968
中山區,78.68870968
中正區,92.12419355
大同區,67.38225806
內湖區,64.38548387
文山區,55.02419355
北投區,58.12419355
松山區,88.92741935
信義區,89.13064516
南港區,67.68548387
萬華區,60.48870968
