section,kind,mean
士林區,雅房,1318.469517
大同區,雅房,1209.526984
大安區,雅房,1673.669892
中山區,雅房,1372.560346
中正區,雅房,1606.920141
內湖區,雅房,1404.5194
文山區,雅房,1280.225292
北投區,雅房,1310.28869
松山區,雅房,1401.466976
信義區,雅房,1360.093721
南港區,雅房,1298.074694
萬華區,雅房,1394.286534
